"Date","Close.Last"
2024-08-06,104.25
2024-08-05,100.45
2024-08-02,107.27
2024-08-01,109.21
2024-07-31,117.02
2024-07-30,103.73
2024-07-29,111.59
2024-07-26,113.06
2024-07-25,112.28
2024-07-24,114.25
2024-07-23,122.59
2024-07-22,123.54
2024-07-19,117.93
2024-07-18,121.09
2024-07-17,117.99
2024-07-16,126.36
2024-07-15,128.44
2024-07-12,129.24
2024-07-11,127.4
2024-07-10,134.91
2024-07-09,131.38
2024-07-08,128.2
2024-07-05,125.83
2024-07-03,128.28
2024-07-02,122.67
2024-07-01,124.3
2024-06-28,123.54
2024-06-27,123.99
2024-06-26,126.4
2024-06-25,126.09
2024-06-24,118.11
2024-06-21,126.57
2024-06-20,130.78
2024-06-18,135.58
2024-06-17,130.98
2024-06-14,131.88
2024-06-13,129.61
2024-06-12,125.2
2024-06-11,120.91
2024-06-10,121.79
2024-06-07,120.888
2024-06-06,120.998
2024-06-05,122.44
2024-06-04,116.437
2024-06-03,115
2024-05-31,109.633
2024-05-30,110.5
2024-05-29,114.825
2024-05-28,113.901
2024-05-24,106.469
2024-05-23,103.799
2024-05-22,94.95
2024-05-21,95.386
2024-05-20,94.78
2024-05-17,92.479
2024-05-16,94.359
2024-05-15,94.63
2024-05-14,91.356
2024-05-13,90.399
2024-05-10,89.878
2024-05-09,88.747
2024-05-08,90.412
2024-05-07,90.554
2024-05-06,92.14
2024-05-03,88.789
2024-05-02,85.817
2024-05-01,83.041
2024-04-30,86.402
2024-04-29,87.757
2024-04-26,87.735
2024-04-25,82.632
2024-04-24,79.677
2024-04-23,82.423
2024-04-22,79.518
2024-04-19,76.2
2024-04-18,84.671
2024-04-17,84.035
2024-04-16,87.415
2024-04-15,86.001
2024-04-12,88.186
2024-04-11,90.616
2024-04-10,87.039
2024-04-09,85.354
2024-04-08,87.133
2024-04-05,88.008
2024-04-04,85.905
2024-04-03,88.964
2024-04-02,89.452
2024-04-01,90.363
2024-03-28,90.356
2024-03-27,90.25
2024-03-26,92.561
2024-03-25,95.002
2024-03-22,94.289
2024-03-21,91.435
2024-03-20,90.372
2024-03-19,89.398
2024-03-18,88.455
2024-03-15,87.8365
2024-03-14,87.944
2024-03-13,90.888
2024-03-12,91.913
2024-03-11,85.774
2024-03-08,87.528
2024-03-07,92.669
2024-03-06,88.7
2024-03-05,85.964
2024-03-04,85.237
2024-03-01,82.279
2024-02-29,79.112
2024-02-28,77.663
2024-02-27,78.701
2024-02-26,79.092
2024-02-23,78.817
2024-02-22,78.538
2024-02-21,67.472
2024-02-20,69.452
2024-02-16,72.613
2024-02-15,72.658
2024-02-14,73.9
2024-02-13,72.128
2024-02-12,72.248
2024-02-09,72.133
2024-02-08,69.641
2024-02-07,70.099
2024-02-06,68.223
2024-02-05,69.332
2024-02-02,66.16
2024-02-01,63.027
2024-01-31,61.527
2024-01-30,62.774
2024-01-29,62.465
2024-01-26,61.031
2024-01-25,61.617
2024-01-24,61.362
2024-01-23,59.873
2024-01-22,59.654
2024-01-19,59.491
2024-01-18,57.107
2024-01-17,56.053
2024-01-16,56.382
2024-01-12,54.71
2024-01-11,54.822
2024-01-10,54.35
2024-01-09,53.14
2024-01-08,52.253
2024-01-05,49.097
2024-01-04,47.998
2024-01-03,47.569
2024-01-02,48.168
2023-12-29,49.522
2023-12-28,49.522
2023-12-27,49.417
2023-12-26,49.279
2023-12-22,48.83
2023-12-21,48.99
2023-12-20,48.111
2023-12-19,49.604
2023-12-18,50.077
2023-12-15,48.89
2023-12-14,48.35
2023-12-13,48.088
2023-12-12,47.657
2023-12-11,46.627
2023-12-08,47.506
2023-12-07,46.596
2023-12-06,45.503
2023-12-05,46.566
2023-12-04,45.51
2023-12-01,46.765
2023-11-30,46.77
2023-11-29,48.14
2023-11-28,47.821
2023-11-27,48.242
2023-11-24,47.776
2023-11-22,48.716
2023-11-21,49.944
2023-11-20,50.409
2023-11-17,49.298
2023-11-16,49.48
2023-11-15,48.888
2023-11-14,49.656
2023-11-13,48.62
2023-11-10,48.335
2023-11-09,46.95
2023-11-08,46.574
2023-11-07,45.955
2023-11-06,45.751
2023-11-03,45.005
2023-11-02,43.506
2023-11-01,42.325
2023-10-31,40.78
2023-10-30,41.161
2023-10-27,40.5
2023-10-26,40.326
2023-10-25,41.779
2023-10-24,43.663
2023-10-23,42.975
2023-10-20,41.387
2023-10-19,42.101
2023-10-18,42.196
2023-10-17,43.938
2023-10-16,46.095
2023-10-13,45.461
2023-10-12,46.945
2023-10-11,46.806
2023-10-10,45.798
2023-10-09,45.273
2023-10-06,45.762
2023-10-05,44.688
2023-10-04,44.041
2023-10-03,43.517
2023-10-02,44.782
2023-09-29,43.499
2023-09-28,43.089
2023-09-27,42.468
2023-09-26,41.911
2023-09-25,42.222
2023-09-22,41.61
2023-09-21,41.017
2023-09-20,42.239
2023-09-19,43.52
2023-09-18,43.966
2023-09-15,43.9
2023-09-14,45.581
2023-09-13,45.485
2023-09-12,44.87
2023-09-11,45.178
2023-09-08,45.572
2023-09-07,46.241
2023-09-06,47.061
2023-09-05,48.548
2023-09-01,48.509
2023-08-31,49.355
2023-08-30,49.264
2023-08-29,48.784
2023-08-28,46.835
2023-08-25,46.018
2023-08-24,47.163
2023-08-23,47.116
2023-08-22,45.668
2023-08-21,46.967
2023-08-18,43.299
2023-08-17,43.3435
2023-08-16,43.486
2023-08-15,43.94
2023-08-14,43.753
2023-08-11,40.855
2023-08-10,42.388
2023-08-09,42.554
2023-08-08,44.664
2023-08-07,45.4165
2023-08-04,44.68
2023-08-03,44.515
2023-08-02,44.269
2023-08-01,46.507
2023-07-31,46.729
2023-07-28,46.75
2023-07-27,45.9
2023-07-26,45.452
2023-07-25,45.679
2023-07-24,44.612
2023-07-21,44.309
2023-07-20,45.52
2023-07-19,47.077
2023-07-18,47.494
2023-07-17,46.461
2023-07-14,45.469
2023-07-13,45.977
2023-07-12,43.902
2023-07-11,42.405
2023-07-10,42.18
2023-07-07,42.503
2023-07-06,42.103
2023-07-05,42.317
2023-07-03,42.413
2023-06-30,42.302
2023-06-29,40.822
2023-06-28,41.117
2023-06-27,41.876
2023-06-26,40.632
2023-06-23,42.209
2023-06-22,43.025
2023-06-21,43.045
2023-06-20,43.808
2023-06-16,42.692
2023-06-15,42.653
2023-06-14,42.997
2023-06-13,41.022
2023-06-12,39.482
2023-06-09,38.77
2023-06-08,38.51
2023-06-07,37.475
2023-06-06,38.654
2023-06-05,39.171
2023-06-02,39.327
2023-06-01,39.77
2023-05-31,37.834
2023-05-30,40.111
2023-05-26,38.946
2023-05-25,37.98
2023-05-24,30.538
2023-05-23,30.688
2023-05-22,31.176
2023-05-19,31.264
2023-05-18,31.678
2023-05-17,30.178
2023-05-16,29.213
2023-05-15,28.953
2023-05-12,28.34
2023-05-11,28.578
2023-05-10,28.885
2023-05-09,28.571
2023-05-08,29.151
2023-05-05,28.68
2023-05-04,27.562
2023-05-03,27.802
2023-05-02,28.21
2023-05-01,28.91
2023-04-28,27.749
2023-04-27,27.226
2023-04-26,26.956
2023-04-25,26.241
2023-04-24,27.042
2023-04-21,27.119
2023-04-20,27.104
2023-04-19,27.931
2023-04-18,27.667
2023-04-17,27.002
2023-04-14,26.758
2023-04-13,26.463
2023-04-12,26.495
2023-04-11,27.169
2023-04-10,27.579
2023-04-06,27.037
2023-04-05,26.881
2023-04-04,27.453
2023-04-03,27.965
2023-03-31,27.777
2023-03-30,27.383
2023-03-29,26.984
2023-03-28,26.41
2023-03-27,26.531
2023-03-24,26.779
2023-03-23,27.191
2023-03-22,26.468
2023-03-21,26.199
2023-03-20,25.9
2023-03-17,25.725
2023-03-16,25.541
2023-03-15,24.228
2023-03-14,24.063
2023-03-13,22.966
2023-03-10,22.965
2023-03-09,23.436
2023-03-08,24.181
2023-03-07,23.288
2023-03-06,23.554
2023-03-03,23.89
2023-03-02,23.314
2023-03-01,22.698
2023-02-28,23.216
2023-02-27,23.501
2023-02-24,23.286
2023-02-23,23.664
2023-02-22,20.754
2023-02-21,20.655
2023-02-17,21.388
2023-02-16,22.002
2023-02-15,22.764
2023-02-14,22.971
2023-02-13,21.788
2023-02-10,21.265
2023-02-09,22.337
2023-02-08,22.205
2023-02-07,22.173
2023-02-06,21.089
2023-02-03,21.1
2023-02-02,21.709
2023-02-01,20.943
2023-01-31,19.537
2023-01-30,19.162
2023-01-27,20.365
2023-01-26,19.802
2023-01-25,19.323
2023-01-24,19.265
2023-01-23,19.193
2023-01-20,17.839
2023-01-19,16.765
2023-01-18,17.377
2023-01-17,17.702
2023-01-13,16.899
2023-01-12,16.511
2023-01-11,16.001
2023-01-10,15.909
2023-01-09,15.628
2023-01-06,14.859
2023-01-05,14.265
2023-01-04,14.749
2023-01-03,14.315
2022-12-30,14.614
2022-12-29,14.603
2022-12-28,14.036
2022-12-27,14.121
2022-12-23,15.206
2022-12-22,15.339
2022-12-21,16.501
2022-12-20,16.085
2022-12-19,16.254
2022-12-16,16.571
2022-12-15,16.952
2022-12-14,17.674
2022-12-13,18.072
2022-12-12,17.535
2022-12-09,17.001
2022-12-08,17.169
2022-12-07,16.12
2022-12-06,15.987
2022-12-05,16.61
2022-12-02,16.876
2022-12-01,17.135
2022-11-30,16.923
2022-11-29,15.639
2022-11-28,15.827
2022-11-25,16.27
2022-11-23,16.519
2022-11-22,16.038
2022-11-21,15.317
2022-11-18,15.409
2022-11-17,15.677
2022-11-16,15.91
2022-11-15,16.666
2022-11-14,16.295
2022-11-11,16.327
2022-11-10,15.75
2022-11-09,13.776
2022-11-08,14.602
2022-11-07,14.301
2022-11-04,14.156
2022-11-03,13.421
2022-11-02,13.219
2022-11-01,13.543
2022-10-31,13.497
2022-10-28,13.834
2022-10-27,13.176
2022-10-26,12.896
2022-10-25,13.261
2022-10-24,12.599
2022-10-21,12.466
2022-10-20,12.194
2022-10-19,12.051
2022-10-18,11.967
2022-10-17,11.888
2022-10-14,11.227
2022-10-13,11.96
2022-10-12,11.5
2022-10-11,11.586
2022-10-10,11.67
2022-10-07,12.076
2022-10-06,13.13
2022-10-05,13.209
2022-10-04,13.167
2022-10-03,12.512
2022-09-30,12.139
2022-09-29,12.22
2022-09-28,12.736
2022-09-27,12.413
2022-09-26,12.228
2022-09-23,12.516
2022-09-22,12.561
2022-09-21,13.261
2022-09-20,13.176
2022-09-19,13.382
2022-09-16,13.198
2022-09-15,12.929
2022-09-14,13.128
2022-09-13,13.131
2022-09-12,14.505
2022-09-09,14.387
2022-09-08,13.99
2022-09-07,13.714
2022-09-06,13.465
2022-09-02,13.647
2022-09-01,13.937
2022-08-31,15.094
2022-08-30,15.468
2022-08-29,15.801
2022-08-26,16.26
2022-08-25,17.913
2022-08-24,17.222
2022-08-23,17.181
2022-08-22,17.034
2022-08-19,17.849
2022-08-18,18.773
2022-08-17,18.335
2022-08-16,18.879
2022-08-15,19.032
2022-08-12,18.709
2022-08-11,17.942
2022-08-10,18.097
2022-08-09,17.086
2022-08-08,17.793
2022-08-05,18.989
2022-08-04,19.215
2022-08-03,18.893
2022-08-02,18.526
2022-08-01,18.441
2022-07-29,18.163
2022-07-28,17.984
2022-07-27,17.79
2022-07-26,16.533
2022-07-25,17.024
2022-07-22,17.319
2022-07-21,18.05
2022-07-20,17.807
2022-07-19,16.992
2022-07-18,16.101
2022-07-15,15.762
2022-07-14,15.372
2022-07-13,15.164
2022-07-12,15.082
2022-07-11,15.152
2022-07-08,15.838
2022-07-07,15.858
2022-07-06,15.13
2022-07-05,14.964
2022-07-01,14.523
2022-06-30,15.159
2022-06-29,15.542
2022-06-28,15.982
2022-06-27,16.869
2022-06-24,17.126
2022-06-23,16.225
2022-06-22,16.36
2022-06-21,16.566
2022-06-17,15.88
2022-06-16,15.601
2022-06-15,16.527
2022-06-14,15.836
2022-06-13,15.647
2022-06-10,16.974
2022-06-09,18.048
2022-06-08,18.648
2022-06-07,18.926
2022-06-06,18.786
2022-06-03,18.72
2022-06-02,19.592
2022-06-01,18.32
2022-05-31,18.672
2022-05-27,18.811
2022-05-26,17.851
2022-05-25,16.975
2022-05-24,16.154
2022-05-23,16.898
2022-05-20,16.694
2022-05-19,17.124
2022-05-18,16.938
2022-05-17,18.177
2022-05-16,17.264
2022-05-13,17.706
2022-05-12,16.175
2022-05-11,16.63
2022-05-10,17.595
2022-05-09,16.95
2022-05-06,18.675
2022-05-05,18.844
2022-05-04,20.334
2022-05-03,19.602
2022-05-02,19.533
2022-04-29,18.547
2022-04-28,19.782
2022-04-27,18.415
2022-04-26,18.788
2022-04-25,19.902
2022-04-22,19.515
2022-04-21,20.183
2022-04-20,21.482
2022-04-19,22.198
2022-04-18,21.783
2022-04-14,21.258
2022-04-13,22.203
2022-04-12,21.504
2022-04-11,21.917
2022-04-08,23.119
2022-04-07,24.208
2022-04-06,24.407
2022-04-05,25.931
2022-04-04,27.36
2022-04-01,26.712
2022-03-31,27.286
2022-03-30,27.69
2022-03-29,28.656
2022-03-28,28.219
2022-03-25,27.692
2022-03-24,28.15
2022-03-23,25.634
2022-03-22,26.524
2022-03-21,26.734
2022-03-18,26.453
2022-03-17,24.766
2022-03-16,24.496
2022-03-15,22.973
2022-03-14,21.33
2022-03-11,22.1
2022-03-10,22.658
2022-03-09,23.014
2022-03-08,21.514
2022-03-07,21.352
2022-03-04,22.936
2022-03-03,23.714
2022-03-02,24.22
2022-03-01,23.477
2022-02-28,24.385
2022-02-25,24.157
2022-02-24,23.748
2022-02-23,22.387
2022-02-22,23.39
2022-02-18,23.642
2022-02-17,24.507
2022-02-16,26.511
2022-02-15,26.495
2022-02-14,24.267
2022-02-11,23.949
2022-02-10,25.824
2022-02-09,26.705
2022-02-08,25.108
2022-02-07,24.728
2022-02-04,24.319
2022-02-03,23.948
2022-02-02,25.242
2022-02-01,24.638
2022-01-31,24.486
2022-01-28,22.84
2022-01-27,21.944
2022-01-26,22.772
2022-01-25,22.324
2022-01-24,23.372
2022-01-21,23.374
2022-01-20,24.15
2022-01-19,25.067
2022-01-18,25.903
2022-01-14,26.942
2022-01-13,26.575
2022-01-12,27.999
2022-01-11,27.817
2022-01-10,27.4
2022-01-07,27.247
2022-01-06,28.178
2022-01-05,27.604
2022-01-04,29.29
2022-01-03,30.121
2021-12-31,29.411
2021-12-30,29.586
2021-12-29,30.001
2021-12-28,30.322
2021-12-27,30.945
2021-12-23,29.64
2021-12-22,29.4
2021-12-21,29.075
2021-12-20,27.719
2021-12-17,27.801
2021-12-16,28.387
2021-12-15,30.459
2021-12-14,28.337
2021-12-13,28.161
2021-12-10,30.198
2021-12-09,30.49
2021-12-08,31.826
2021-12-07,32.427
2021-12-06,30.037
2021-12-03,30.693
2021-12-02,32.126
2021-12-01,31.435
2021-11-30,32.676
2021-11-29,33.376
2021-11-26,31.503
2021-11-24,32.674
2021-11-23,31.746
2021-11-22,31.956
2021-11-19,32.985
2021-11-18,31.675
2021-11-17,29.261
2021-11-16,30.203
2021-11-15,30.025
2021-11-12,30.39
2021-11-11,30.39
2021-11-10,29.459
2021-11-09,30.657
2021-11-08,30.804
2021-11-05,29.752
2021-11-04,29.801
2021-11-03,26.598
2021-11-02,26.401
2021-11-01,25.827
2021-10-29,25.567
2021-10-28,24.941
2021-10-27,24.451
2021-10-26,24.717
2021-10-25,23.166
2021-10-22,22.726
2021-10-21,22.692
2021-10-20,22.103
2021-10-19,22.29
2021-10-18,22.222
2021-10-15,21.862
2021-10-14,21.746
2021-10-13,20.939
2021-10-12,20.671
2021-10-11,20.695
2021-10-08,20.831
2021-10-07,21.075
2021-10-06,20.7
2021-10-05,20.451
2021-10-04,19.732
2021-10-01,20.742
2021-09-30,20.716
2021-09-29,20.517
2021-09-28,20.699
2021-09-27,21.66
2021-09-24,22.081
2021-09-23,22.482
2021-09-22,21.941
2021-09-21,21.246
2021-09-20,21.113
2021-09-17,21.9
2021-09-16,22.242
2021-09-15,22.341
2021-09-14,22.242
2021-09-13,22.152
2021-09-10,22.478
2021-09-09,22.177
2021-09-08,22.339
2021-09-07,22.662
2021-09-03,22.843
2021-09-02,22.396
2021-09-01,22.441
2021-08-31,22.385
2021-08-30,22.688
2021-08-27,22.636
2021-08-26,22.068
2021-08-25,22.213
2021-08-24,21.793
2021-08-23,21.958
2021-08-20,20.816
2021-08-19,19.798
2021-08-18,19.04
2021-08-17,19.458
2021-08-16,19.95
2021-08-13,20.188
2021-08-12,19.905
2021-08-11,19.699
2021-08-10,19.936
2021-08-09,20.295
2021-08-06,20.366
2021-08-05,20.637
2021-08-04,20.274
2021-08-03,19.815
2021-08-02,19.75
2021-07-30,19.499
2021-07-29,19.662
2021-07-28,19.503
2021-07-27,19.208
2021-07-26,19.294
2021-07-23,19.558
2021-07-22,19.594
2021-07-21,19.41
2021-07-20,18.612
2021-07-19,18.7798
2021-07-16,18.161
2021-07-15,18.9662
2021-07-14,19.8415
2021-07-13,20.25
2021-07-12,20.5125
2021-07-09,20.0503
2021-07-08,19.9028
2021-07-07,20.3718
2021-07-06,20.6985
2021-07-02,20.487
2021-07-01,20.212
2021-06-30,20.0025
2021-06-29,20.0268
2021-06-28,19.985
2021-06-25,19.031
2021-06-24,19.2055
2021-06-23,19.0573
2021-06-22,18.8868
2021-06-21,18.4273
2021-06-18,18.6387
2021-06-17,18.6573
2021-06-16,17.8103
2021-06-15,17.7885
2021-06-14,18.0188
2021-06-11,17.8253
2021-06-10,17.425
2021-06-09,17.3583
2021-06-08,17.457
2021-06-07,17.619
2021-06-04,17.5783
2021-06-03,16.9698
2021-06-02,16.7783
2021-06-01,16.2645
2021-05-28,16.2445
2021-05-27,15.488
2021-05-26,15.7
2021-05-25,15.6478
2021-05-24,15.612
2021-05-21,14.9918
2021-05-20,14.6125
2021-05-19,14.0658
2021-05-18,14.0158
2021-05-17,14.1655
2021-05-14,14.243
2021-05-13,13.6653
2021-05-12,13.7585
2021-05-11,14.3063
2021-05-10,14.2658
2021-05-07,14.8123
2021-05-06,14.523
2021-05-05,14.4585
2021-05-04,14.3513
2021-05-03,14.8368
2021-04-30,15.0095
2021-04-29,15.3248
2021-04-28,15.2768
2021-04-27,15.3818
2021-04-26,15.478
2021-04-23,15.2653
2021-04-22,14.8503
2021-04-21,15.3605
2021-04-20,15.1713
2021-04-19,15.3618
2021-04-16,15.9125
2021-04-15,16.1373
2021-04-14,15.277
2021-04-13,15.6795
2021-04-12,15.209
2021-04-09,14.4
2021-04-08,14.317
2021-04-07,14.1435
2021-04-06,13.8615
2021-04-05,13.9875
2021-04-01,13.8118
2021-03-31,13.3483
2021-03-30,12.8718
2021-03-29,12.9483
2021-03-26,12.8393
2021-03-25,12.5353
2021-03-24,12.643
2021-03-23,13.0708
2021-03-22,13.1863
2021-03-19,12.8458
2021-03-18,12.7225
2021-03-17,13.3413
2021-03-16,13.2913
2021-03-15,13.1913
2021-03-12,12.856
2021-03-11,12.9935
2021-03-10,12.4683
2021-03-09,12.5203
2021-03-08,11.5933
2021-03-05,12.4615
2021-03-04,12.3703
2021-03-03,12.8048
2021-03-02,13.4063
2021-03-01,13.8417
2021-02-26,13.7145
2021-02-25,13.3075
2021-02-24,14.499
2021-02-23,14.142
2021-02-22,14.3558
2021-02-19,14.9265
2021-02-18,14.829
2021-02-17,14.906
2021-02-16,15.3303
2021-02-12,14.9613
2021-02-11,15.2508
2021-02-10,14.7643
2021-02-09,14.2632
2021-02-08,14.4387
2021-02-05,13.591
2021-02-04,13.6643
2021-02-03,13.5305
2021-02-02,13.5568
2021-02-01,13.237
2021-01-29,12.9898
2021-01-28,13.051
2021-01-27,12.9178
2021-01-26,13.4353
2021-01-25,13.6533
2021-01-22,13.7125
2021-01-21,13.8675
2021-01-20,13.3658
2021-01-19,13.0253
2021-01-15,12.8595
2021-01-14,13.2003
2021-01-13,13.5318
2021-01-12,13.4848
2021-01-11,13.6215
2021-01-08,13.2768
2021-01-07,13.344
2021-01-06,12.6145
2021-01-05,13.4048
2021-01-04,13.1135
2020-12-31,13.055
2020-12-30,13.1458
2020-12-29,12.9433
2020-12-28,12.9
2020-12-24,12.9938
2020-12-23,13.0093
2020-12-22,13.2783
2020-12-21,13.3323
2020-12-18,13.272
2020-12-17,13.3413
2020-12-16,13.2425
2020-12-15,13.3605
2020-12-14,13.3088
2020-12-11,13.0132
2020-12-10,12.9723
2020-12-09,12.9308
2020-12-08,13.35
2020-12-07,13.6068
2020-12-04,13.5583
2020-12-03,13.396
2020-12-02,13.5445
2020-12-01,13.39
2020-11-30,13.4015
2020-11-27,13.2613
2020-11-25,13.2348
2020-11-24,12.9577
2020-11-23,13.14
2020-11-20,13.0878
2020-11-19,13.4403
2020-11-18,13.4288
2020-11-17,13.4223
2020-11-16,13.5153
2020-11-13,13.297
2020-11-12,13.4568
2020-11-11,13.418
2020-11-10,12.77
2020-11-09,13.6308
2020-11-06,14.562
2020-11-05,14.16
2020-11-04,13.7943
2020-11-03,13.0195
2020-11-02,12.5808
2020-10-30,12.534
2020-10-29,13.024
2020-10-28,12.627
2020-10-27,13.3968
2020-10-26,13.1412
2020-10-23,13.5903
2020-10-22,13.361
2020-10-21,13.5248
2020-10-20,13.6455
2020-10-19,13.4978
2020-10-16,13.8115
2020-10-15,13.97
2020-10-14,14.0953
2020-10-13,14.2482
2020-10-12,14.226
2020-10-09,13.7628
2020-10-08,13.8387
2020-10-07,13.964
2020-10-06,13.7365
2020-10-05,13.6425
2020-10-02,13.0623
2020-10-01,13.6145
2020-09-30,13.5305
2020-09-29,13.2258
2020-09-28,13.035
2020-09-25,12.8738
2020-09-24,12.348
2020-09-23,12.1238
2020-09-22,12.6378
2020-09-21,12.5173
2020-09-18,12.1893
2020-09-17,12.4635
2020-09-16,12.5145
2020-09-15,12.991
2020-09-14,12.8723
2020-09-11,12.1645
2020-09-10,12.3118
2020-09-09,12.715
2020-09-08,11.913
2020-09-04,12.6225
2020-09-03,13.0155
2020-09-02,14.3465
2020-09-01,13.821
2020-08-31,13.3745
2020-08-28,13.1478
2020-08-27,12.6283
2020-08-26,12.773
2020-08-25,12.75
2020-08-24,12.7203
2020-08-21,12.6835
2020-08-20,12.141
2020-08-19,12.1385
2020-08-18,12.2608
2020-08-17,12.337
2020-08-14,11.564
2020-08-13,11.443
2020-08-12,11.4403
2020-08-11,10.85
2020-08-10,11.165
2020-08-07,11.1995
2020-08-06,11.3355
2020-08-05,11.2868
2020-08-04,11.2278
2020-08-03,11.0103
2020-07-31,10.6148
2020-07-30,10.614
2020-07-29,10.4655
2020-07-28,10.2155
2020-07-27,10.4215
2020-07-24,10.1945
2020-07-23,10.1298
2020-07-22,10.4388
2020-07-21,10.3285
2020-07-20,10.5108
2020-07-17,10.2015
2020-07-16,10.1348
2020-07-15,10.2273
2020-07-14,10.377
2020-07-13,10.0523
2020-07-10,10.4793
2020-07-09,10.509
2020-07-08,10.216
2020-07-07,9.8718
2020-07-06,9.8392
2020-07-02,9.6123
2020-07-01,9.53
2020-06-30,9.4978
2020-06-29,9.2
2020-06-26,9.155
2020-06-25,9.49
2020-06-24,9.2355
2020-06-23,9.45
2020-06-22,9.5267
2020-06-19,9.2613
2020-06-18,9.218
2020-06-17,9.236
2020-06-16,9.0685
2020-06-15,9.1738
2020-06-12,8.9325
2020-06-11,8.7963
2020-06-10,9.3668
2020-06-09,9.046
2020-06-08,8.805
2020-06-05,8.92
2020-06-04,8.7665
2020-06-03,8.7695
2020-06-02,8.8253
2020-06-01,8.8063
2020-05-29,8.8755
2020-05-28,8.487
2020-05-27,8.5252
2020-05-26,8.7178
2020-05-22,9.0263
2020-05-21,8.7752
2020-05-20,8.97
2020-05-19,8.8055
2020-05-18,8.7502
2020-05-15,8.4908
2020-05-14,8.0305
2020-05-13,7.78
2020-05-12,7.8025
2020-05-11,8.0655
2020-05-08,7.8125
2020-05-07,7.6218
2020-05-06,7.4448
2020-05-05,7.3435
2020-05-04,7.2821
2020-05-01,7.0695
2020-04-30,7.307
2020-04-29,7.4615
2020-04-28,7.284
2020-04-27,7.427
2020-04-24,7.2397
2020-04-23,7.1003
2020-04-22,7.1537
2020-04-21,6.7378
2020-04-20,7.1763
2020-04-17,7.308
2020-04-16,7.3675
2020-04-15,7.021
2020-04-14,7.0987
2020-04-13,6.7463
2020-04-09,6.5738
2020-04-08,6.6738
2020-04-07,6.4757
2020-04-06,6.71
2020-04-03,6.0978
2020-04-02,6.3868
2020-04-01,6.0768
2020-03-31,6.59
2020-03-30,6.6397
2020-03-27,6.3182
2020-03-26,6.431
2020-03-25,6.1405
2020-03-24,6.2295
2020-03-23,5.3173
2020-03-20,5.1438
2020-03-19,5.3243
2020-03-18,5.0705
2020-03-17,5.4318
2020-03-16,4.91
2020-03-13,6.021
2020-03-12,5.4078
2020-03-11,6.1618
2020-03-10,6.527
2020-03-09,6.136
2020-03-06,6.651
2020-03-05,6.8323
2020-03-04,7.1128
2020-03-03,6.6472
2020-03-02,6.9108
2020-02-28,6.7518
2020-02-27,6.315
2020-02-26,6.6913
2020-02-25,6.5513
2020-02-24,6.832
2020-02-21,7.3518
2020-02-20,7.7175
2020-02-19,7.8675
2020-02-18,7.4143
2020-02-14,7.2448
2020-02-13,6.7695
2020-02-12,6.8135
2020-02-11,6.6973
2020-02-10,6.5743
2020-02-07,6.2898
2020-02-06,6.3561
2020-02-05,6.269
2020-02-04,6.1783
2020-02-03,6.0083
2020-01-31,5.9108
2020-01-30,6.1453
2020-01-29,6.1385
2020-01-28,6.1993
2020-01-27,6.005
2020-01-24,6.262
2020-01-23,6.3215
2020-01-22,6.2513
2020-01-21,6.1985
2020-01-17,6.232
2020-01-16,6.2233
2020-01-15,6.1393
2020-01-14,6.182
2020-01-13,6.2995
2020-01-10,6.108
2020-01-09,6.0755
2020-01-08,6.0095
2020-01-07,5.9983
2020-01-06,5.9265
2020-01-03,5.9017
2020-01-02,5.9977
2019-12-31,5.8825
2019-12-30,5.808
2019-12-27,5.9218
2019-12-26,5.9798
2019-12-24,5.9655
2019-12-23,5.9705
2019-12-20,5.9843
2019-12-19,5.8865
2019-12-18,5.7378
2019-12-17,5.7073
2019-12-16,5.6288
2019-12-13,5.5998
2019-12-12,5.6018
2019-12-11,5.4335
2019-12-10,5.3495
2019-12-09,5.3042
2019-12-06,5.3042
2019-12-05,5.2185
2019-12-04,5.2355
2019-12-03,5.1915
2019-12-02,5.2313
2019-11-29,5.4185
2019-11-27,5.456
2019-11-26,5.425
2019-11-25,5.5303
2019-11-22,5.2722
2019-11-21,5.2545
2019-11-20,5.2795
2019-11-19,5.1998
2019-11-18,5.307
2019-11-15,5.1048
2019-11-14,5.2447
2019-11-13,5.2142
2019-11-12,5.2403
2019-11-11,5.2045
2019-11-08,5.1945
2019-11-07,5.2085
2019-11-06,5.1908
2019-11-05,5.2403
2019-11-04,5.2625
2019-11-01,5.0648
2019-10-31,5.0255
2019-10-30,5.075
2019-10-29,5.073
2019-10-28,5.1698
2019-10-25,5.1135
2019-10-24,4.9215
2019-10-23,4.8773
2019-10-22,4.8903
2019-10-21,4.9002
2019-10-18,4.7623
2019-10-17,4.8573
2019-10-16,4.8553
2019-10-15,4.9093
2019-10-14,4.6633
2019-10-11,4.6498
2019-10-10,4.5758
2019-10-09,4.5178
2019-10-08,4.4307
2019-10-07,4.6083
2019-10-04,4.5492
2019-10-03,4.5328
2019-10-02,4.326
2019-10-01,4.35
2019-09-30,4.3518
2019-09-27,4.294
2019-09-26,4.4335
2019-09-25,4.4558
2019-09-24,4.3133
2019-09-23,4.371
2019-09-20,4.3173
2019-09-19,4.4235
2019-09-18,4.4995
2019-09-17,4.5267
2019-09-16,4.5053
2019-09-13,4.5485
2019-09-12,4.6068
2019-09-11,4.6083
2019-09-10,4.5795
2019-09-09,4.5125
2019-09-06,4.4663
2019-09-05,4.4935
2019-09-04,4.219
2019-09-03,4.1042
2019-08-30,4.1878
2019-08-29,4.175
2019-08-28,4.0305
2019-08-27,4.045
2019-08-26,4.1362
2019-08-23,4.061
2019-08-22,4.287
2019-08-21,4.2808
2019-08-20,4.1968
2019-08-19,4.2695
2019-08-16,3.989
2019-08-15,3.7193
2019-08-14,3.7517
2019-08-13,3.9013
2019-08-12,3.7862
2019-08-09,3.8545
2019-08-08,3.9565
2019-08-07,3.8472
2019-08-06,3.8087
2019-08-05,3.7698
2019-08-02,4.0297
2019-08-01,4.123
2019-07-31,4.218
2019-07-30,4.3862
2019-07-29,4.3705
2019-07-26,4.3768
2019-07-25,4.3345
2019-07-24,4.4665
2019-07-23,4.3915
2019-07-22,4.283
2019-07-19,4.211
2019-07-18,4.2545
2019-07-17,4.2428
2019-07-16,4.177
2019-07-15,4.1818
2019-07-12,4.1903
2019-07-11,4.157
2019-07-10,4.0015
2019-07-09,3.9328
2019-07-08,3.9303
2019-07-05,4.0057
2019-07-03,4.0688
2019-07-02,4.0557
2019-07-01,4.1543
2019-06-28,4.1057
2019-06-27,4.0808
2019-06-26,3.9815
2019-06-25,3.787
2019-06-24,3.8165
2019-06-21,3.794
2019-06-20,3.8525
2019-06-19,3.828
2019-06-18,3.822
2019-06-17,3.6258
2019-06-14,3.616
2019-06-13,3.7065
2019-06-12,3.655
2019-06-11,3.7688
2019-06-10,3.7108
2019-06-07,3.6375
2019-06-06,3.5945
2019-06-05,3.532
2019-06-04,3.575
2019-06-03,3.3445
2019-05-31,3.3865
2019-05-30,3.4778
2019-05-29,3.5085
2019-05-28,3.5833
2019-05-24,3.6288
2019-05-23,3.683
2019-05-22,3.805
2019-05-21,3.8765
2019-05-20,3.7938
2019-05-17,3.9133
2019-05-16,4.0048
2019-05-15,3.9895
2019-05-14,4.051
2019-05-13,3.9612
2019-05-10,4.2205
2019-05-09,4.2548
2019-05-08,4.348
2019-05-07,4.3278
2019-05-06,4.4962
2019-05-03,4.5752
2019-05-02,4.5797
2019-05-01,4.5118
2019-04-30,4.525
2019-04-29,4.4833
2019-04-26,4.4523
2019-04-25,4.6727
2019-04-24,4.7793
2019-04-23,4.7668
2019-04-22,4.7118
2019-04-18,4.6575
2019-04-17,4.6822
2019-04-16,4.7053
2019-04-15,4.6175
2019-04-12,4.7503
2019-04-11,4.7885
2019-04-10,4.8025
2019-04-09,4.7315
2019-04-08,4.7947
2019-04-05,4.7737
2019-04-04,4.7065
2019-04-03,4.7155
2019-04-02,4.575
2019-04-01,4.557
2019-03-29,4.489
2019-03-28,4.4313
2019-03-27,4.4125
2019-03-26,4.4218
2019-03-25,4.3445
2019-03-22,4.4375
2019-03-21,4.5985
2019-03-20,4.36
2019-03-19,4.3928
2019-03-18,4.2237
2019-03-15,4.2453
2019-03-14,4.139
2019-03-13,4.2155
2019-03-12,4.063
2019-03-11,4.0285
2019-03-08,3.766
2019-03-07,3.7315
2019-03-06,3.8013
2019-03-05,3.913
2019-03-04,3.9195
2019-03-01,3.9112
2019-02-28,3.8565
2019-02-27,3.8853
2019-02-26,3.9275
2019-02-25,3.9672
2019-02-22,3.9798
2019-02-21,3.8943
2019-02-20,3.9638
2019-02-19,3.916
2019-02-15,3.9335
2019-02-14,3.8633
2019-02-13,3.822
2019-02-12,3.7792
2019-02-11,3.6612
2019-02-08,3.7043
2019-02-07,3.6855
2019-02-06,3.825
2019-02-05,3.7487
2019-02-04,3.7295
2019-02-01,3.6182
2019-01-31,3.5938
2019-01-30,3.4347
2019-01-29,3.29
2019-01-28,3.4503
2019-01-25,4.0038
2019-01-24,3.946
2019-01-23,3.7323
2019-01-22,3.7193
2019-01-18,3.9233
2019-01-17,3.793
2019-01-16,3.721
2019-01-15,3.7468
2019-01-14,3.761
2019-01-11,3.7208
2019-01-10,3.6307
2019-01-09,3.5645
2019-01-08,3.4958
2019-01-07,3.585
2019-01-04,3.4047
2019-01-03,3.1997
2019-01-02,3.4055
2018-12-31,3.3375
2018-12-28,3.3413
2018-12-27,3.2792
2018-12-26,3.3275
2018-12-24,3.177
2018-12-21,3.2393
2018-12-20,3.3775
2018-12-19,3.4627
2018-12-18,3.6735
2018-12-17,3.5895
2018-12-14,3.6612
2018-12-13,3.7222
2018-12-12,3.7225
2018-12-11,3.7048
2018-12-10,3.7965
2018-12-07,3.6903
2018-12-06,3.9573
2018-12-04,3.9278
2018-12-03,4.251
2018-11-30,4.0858
2018-11-29,3.934
2018-11-28,4.0018
2018-11-27,3.8432
2018-11-26,3.8263
2018-11-23,3.625
2018-11-21,3.6178
2018-11-20,3.727
2018-11-19,3.6175
2018-11-16,4.1108
2018-11-15,5.0598
2018-11-14,4.9298
2018-11-13,4.9828
2018-11-12,4.7385
2018-11-09,5.1418
2018-11-08,5.1498
2018-11-07,5.3448
2018-11-06,5.2765
2018-11-05,5.2943
2018-11-02,5.373
2018-11-01,5.4528
2018-10-31,5.2708
2018-10-30,5.075
2018-10-29,4.6405
2018-10-26,4.9573
2018-10-25,5.196
2018-10-24,4.9853
2018-10-23,5.5265
2018-10-22,5.7805
2018-10-19,5.7293
2018-10-18,5.9883
2018-10-17,6.0765
2018-10-16,6.1458
2018-10-15,5.8845
2018-10-12,6.1635
2018-10-11,5.8783
2018-10-10,6.1423
2018-10-09,6.6385
2018-10-08,6.6442
2018-10-05,6.7465
2018-10-04,6.9823
2018-10-03,7.1683
2018-10-02,7.162
2018-10-01,7.234
2018-09-28,7.0255
2018-09-27,6.685
2018-09-26,6.673
2018-09-25,6.7103
2018-09-24,6.6425
2018-09-21,6.5862
2018-09-20,6.657
2018-09-19,6.7995
2018-09-18,6.7755
2018-09-17,6.8483
2018-09-14,6.9108
2018-09-13,6.7835
2018-09-12,6.705
2018-09-11,6.82
2018-09-10,6.8683
2018-09-07,6.7965
2018-09-06,6.818
2018-09-05,6.9605
2018-09-04,7.0925
2018-08-31,7.017
2018-08-30,6.9453
2018-08-29,6.9623
2018-08-28,6.8595
2018-08-27,6.8975
2018-08-24,6.8055
2018-08-23,6.671
2018-08-22,6.5705
2018-08-21,6.333
2018-08-20,6.196
2018-08-17,6.1205
2018-08-16,6.436
2018-08-15,6.477
2018-08-14,6.5358
2018-08-13,6.403
2018-08-10,6.3697
2018-08-09,6.4115
2018-08-08,6.4605
2018-08-07,6.4238
2018-08-06,6.3508
2018-08-03,6.3025
2018-08-02,6.2655
2018-08-01,6.1618
2018-07-31,6.1215
2018-07-30,6.1033
2018-07-27,6.3005
2018-07-26,6.371
2018-07-25,6.2968
2018-07-24,6.2178
2018-07-23,6.2353
2018-07-20,6.2722
2018-07-19,6.3008
2018-07-18,6.2925
2018-07-17,6.3422
2018-07-16,6.205
2018-07-13,6.233
2018-07-12,6.2808
2018-07-11,6.1883
2018-07-10,6.3313
2018-07-09,6.2313
2018-07-06,6.1833
2018-07-05,6.0682
2018-07-03,5.921
2018-07-02,6.056
2018-06-29,5.9225
2018-06-28,6.0215
2018-06-27,5.893
2018-06-26,6.0498
2018-06-25,5.978
2018-06-22,6.2737
2018-06-21,6.4278
2018-06-20,6.5578
2018-06-19,6.5043
2018-06-18,6.6273
2018-06-15,6.6315
2018-06-14,6.6728
2018-06-13,6.56
2018-06-12,6.5645
2018-06-11,6.5155
2018-06-08,6.557
2018-06-07,6.5725
2018-06-06,6.6288
2018-06-05,6.6268
2018-06-04,6.6213
2018-06-01,6.4405
2018-05-31,6.3048
2018-05-30,6.3248
2018-05-29,6.2148
2018-05-25,6.232
2018-05-24,6.1923
2018-05-23,6.1885
2018-05-22,6.0675
2018-05-21,6.106
2018-05-18,6.1485
2018-05-17,6.1928
2018-05-16,6.1502
2018-05-15,6.139
2018-05-14,6.384
2018-05-11,6.3633
2018-05-10,6.5033
2018-05-09,6.3945
2018-05-08,6.26
2018-05-07,6.217
2018-05-04,5.9765
2018-05-03,5.8248
2018-05-02,5.6578
2018-05-01,5.6785
2018-04-30,5.6225
2018-04-27,5.6583
2018-04-26,5.6305
2018-04-25,5.4165
2018-04-24,5.53
2018-04-23,5.597
2018-04-20,5.7178
2018-04-19,5.726
2018-04-18,5.9093
2018-04-17,5.9385
2018-04-16,5.7873
2018-04-13,5.7875
2018-04-12,5.865
2018-04-11,5.656
2018-04-10,5.6978
2018-04-09,5.3853
2018-04-06,5.3563
2018-04-05,5.5345
2018-04-04,5.656
2018-04-03,5.6338
2018-04-02,5.5263
2018-03-29,5.7898
2018-03-28,5.5338
2018-03-27,5.638
2018-03-26,6.112
2018-03-23,5.8243
2018-03-22,6.0463
2018-03-21,6.214
2018-03-20,6.2395
2018-03-19,6.025
2018-03-16,6.262
2018-03-15,6.2335
2018-03-14,6.2185
2018-03-13,6.1928
2018-03-12,6.244
2018-03-09,6.1333
2018-03-08,6.0295
2018-03-07,6.046
2018-03-06,6.054
2018-03-05,5.8913
2018-03-02,5.9135
2018-03-01,5.8053
2018-02-28,6.05
2018-02-27,6.1515
2018-02-26,6.1645
2018-02-23,6.1483
2018-02-22,6.0538
2018-02-21,6.0378
2018-02-20,6.227
2018-02-16,6.096
2018-02-15,6.1625
2018-02-14,6.0355
2018-02-13,5.8158
2018-02-12,5.7008
2018-02-09,5.802
2018-02-08,5.438
2018-02-07,5.72
2018-02-06,5.6395
2018-02-05,5.3425
2018-02-02,5.838
2018-02-01,6.0125
2018-01-31,6.145
2018-01-30,6.068
2018-01-29,6.1713
2018-01-26,6.0833
2018-01-25,5.9088
2018-01-24,5.895
2018-01-23,5.9728
2018-01-22,5.8422
2018-01-19,5.7528
2018-01-18,5.611
2018-01-17,5.618
2018-01-16,5.5028
2018-01-12,5.5745
2018-01-11,5.602
2018-01-10,5.592
2018-01-09,5.5485
2018-01-08,5.55
2018-01-05,5.385
2018-01-04,5.3398
2018-01-03,5.3118
2018-01-02,4.9838
2017-12-29,4.8375
2017-12-28,4.935
2017-12-27,4.9292
2017-12-26,4.936
2017-12-22,4.8818
2017-12-21,4.8972
2017-12-20,4.92
2017-12-19,4.9028
2017-12-18,4.9475
2017-12-15,4.789
2017-12-14,4.6618
2017-12-13,4.6545
2017-12-12,4.771
2017-12-11,4.8665
2017-12-08,4.7873
2017-12-07,4.7998
2017-12-06,4.7315
2017-12-05,4.6935
2017-12-04,4.6665
2017-12-01,4.942
2017-11-30,5.0178
2017-11-29,4.9105
2017-11-28,5.2678
2017-11-27,5.3535
2017-11-24,5.424
2017-11-22,5.3733
2017-11-21,5.4013
2017-11-20,5.352
2017-11-17,5.284
2017-11-16,5.2903
2017-11-15,5.2495
2017-11-14,5.3545
2017-11-13,5.3158
2017-11-10,5.4035
2017-11-09,5.133
2017-11-08,5.229
2017-11-07,5.3008
2017-11-06,5.2408
2017-11-03,5.2172
2017-11-02,5.1485
2017-11-01,5.18
2017-10-31,5.1703
2017-10-30,5.096
2017-10-27,5.0465
2017-10-26,4.8923
2017-10-25,4.8415
2017-10-24,4.967
2017-10-23,4.9155
2017-10-20,4.9225
2017-10-19,4.945
2017-10-18,4.9395
2017-10-17,4.9438
2017-10-16,4.9483
2017-10-13,4.8648
2017-10-12,4.7758
2017-10-11,4.7735
2017-10-10,4.7233
2017-10-09,4.6347
2017-10-06,4.5325
2017-10-05,4.5193
2017-10-04,4.5217
2017-10-03,4.4843
2017-10-02,4.475
2017-09-29,4.4693
2017-09-28,4.392
2017-09-27,4.3933
2017-09-26,4.299
2017-09-25,4.275
2017-09-22,4.475
2017-09-21,4.519
2017-09-20,4.646
2017-09-19,4.6837
2017-09-18,4.6888
2017-09-15,4.5028
2017-09-14,4.235
2017-09-13,4.2593
2017-09-12,4.2403
2017-09-11,4.225
2017-09-08,4.0922
2017-09-07,4.1645
2017-09-06,4.1452
2017-09-05,4.1478
2017-09-01,4.2615
2017-08-31,4.236
2017-08-30,4.142
2017-08-29,4.1175
2017-08-28,4.1243
2017-08-25,4.0953
2017-08-24,4.1298
2017-08-23,4.145
2017-08-22,4.0638
2017-08-21,3.9788
2017-08-18,4.0375
2017-08-17,4.0368
2017-08-16,4.1288
2017-08-15,4.1745
2017-08-14,4.21
2017-08-11,3.899
2017-08-10,4.1185
2017-08-09,4.3028
2017-08-08,4.2575
2017-08-07,4.3087
2017-08-04,4.1803
2017-08-03,4.162
2017-08-02,4.1098
2017-08-01,4.1123
2017-07-31,4.0628
2017-07-28,4.1098
2017-07-27,4.0435
2017-07-26,4.1815
2017-07-25,4.1338
2017-07-24,4.1538
2017-07-21,4.2025
2017-07-20,4.1875
2017-07-19,4.1275
2017-07-18,4.149
2017-07-17,4.1063
2017-07-14,4.1238
2017-07-13,4.0157
2017-07-12,4.0628
2017-07-11,3.897
2017-07-10,3.8425
2017-07-07,3.669
2017-07-06,3.587
2017-07-05,3.5763
2017-07-03,3.4833
2017-06-30,3.614
2017-06-29,3.667
2017-06-28,3.7938
2017-06-27,3.6645
2017-06-26,3.8038
2017-06-23,3.8458
2017-06-22,3.9593
2017-06-21,3.9868
2017-06-20,3.9273
2017-06-19,3.933
2017-06-16,3.7905
2017-06-15,3.8093
2017-06-14,3.793
2017-06-13,3.785
2017-06-12,3.7493
2017-06-09,3.74
2017-06-08,3.9985
2017-06-07,3.728
2017-06-06,3.6835
2017-06-05,3.7003
2017-06-02,3.591
2017-06-01,3.609
2017-05-31,3.6088
2017-05-30,3.6218
2017-05-26,3.546
2017-05-25,3.4565
2017-05-24,3.4642
2017-05-23,3.4258
2017-05-22,3.4725
2017-05-19,3.4
2017-05-18,3.3268
2017-05-17,3.193
2017-05-16,3.4203
2017-05-15,3.3578
2017-05-12,3.1973
2017-05-11,3.1625
2017-05-10,3.0323
2017-05-09,2.5735
2017-05-08,2.5693
2017-05-05,2.5965
2017-05-04,2.5962
2017-05-03,2.6063
2017-05-02,2.587
2017-05-01,2.666
2017-04-28,2.6075
2017-04-27,2.641
2017-04-26,2.6005
2017-04-25,2.6185
2017-04-24,2.5738
2017-04-21,2.542
2017-04-20,2.5315
2017-04-19,2.492
2017-04-18,2.4823
2017-04-17,2.4808
2017-04-13,2.3872
2017-04-12,2.4328
2017-04-11,2.453
2017-04-10,2.4443
2017-04-07,2.5083
2017-04-06,2.519
2017-04-05,2.5008
2017-04-04,2.5195
2017-04-03,2.7095
2017-03-31,2.7233
2017-03-30,2.735
2017-03-29,2.6835
2017-03-28,2.6923
2017-03-27,2.7063
2017-03-24,2.6868
2017-03-23,2.6773
2017-03-22,2.7018
2017-03-21,2.6478
2017-03-20,2.7363
2017-03-17,2.6517
2017-03-16,2.5953
2017-03-15,2.5638
2017-03-14,2.5445
2017-03-13,2.5463
2017-03-10,2.478
2017-03-09,2.4635
2017-03-08,2.464
2017-03-07,2.4685
2017-03-06,2.4418
2017-03-03,2.4608
2017-03-02,2.475
2017-03-01,2.5698
2017-02-28,2.537
2017-02-27,2.6103
2017-02-24,2.5365
2017-02-23,2.5122
2017-02-22,2.769
2017-02-21,2.7767
2017-02-17,2.6808
2017-02-16,2.6813
2017-02-15,2.725
2017-02-14,2.7195
2017-02-13,2.7095
2017-02-10,2.8405
2017-02-09,2.9095
2017-02-08,2.9653
2017-02-07,2.9783
2017-02-06,2.9328
2017-02-03,2.8595
2017-02-02,2.8848
2017-02-01,2.8488
2017-01-31,2.7295
2017-01-30,2.7505
2017-01-27,2.7942
2017-01-26,2.7413
2017-01-25,2.6948
2017-01-24,2.6833
2017-01-23,2.6273
2017-01-20,2.6003
2017-01-19,2.629
2017-01-18,2.5738
2017-01-17,2.5278
2017-01-13,2.5858
2017-01-12,2.586
2017-01-11,2.629
2017-01-10,2.6618
2017-01-09,2.682
2017-01-06,2.5775
2017-01-05,2.5435
2017-01-04,2.6098
2017-01-03,2.5503
2016-12-30,2.6685
2016-12-29,2.7858
2016-12-28,2.7313
2016-12-27,2.933
2016-12-23,2.7445
2016-12-22,2.6778
2016-12-21,2.6458
2016-12-20,2.6293
2016-12-19,2.5408
2016-12-16,2.5103
2016-12-15,2.4678
2016-12-14,2.4113
2016-12-13,2.2793
2016-12-12,2.2398
2016-12-09,2.2955
2016-12-08,2.337
2016-12-07,2.3767
2016-12-06,2.3348
2016-12-05,2.297
2016-12-02,2.2113
2016-12-01,2.191
2016-11-30,2.305
2016-11-29,2.3313
2016-11-28,2.3527
2016-11-25,2.354
2016-11-23,2.3493
2016-11-22,2.3413
2016-11-21,2.3245
2016-11-18,2.334
2016-11-17,2.3098
2016-11-16,2.2908
2016-11-15,2.1547
2016-11-14,2.091
2016-11-11,2.1993
2016-11-10,1.6943
2016-11-09,1.749
2016-11-08,1.779
2016-11-07,1.7817
2016-11-04,1.6892
2016-11-03,1.699
2016-11-02,1.719
2016-11-01,1.7263
2016-10-31,1.779
2016-10-28,1.764
2016-10-27,1.767
2016-10-26,1.804
2016-10-25,1.7968
2016-10-24,1.7677
2016-10-21,1.6885
2016-10-20,1.6933
2016-10-19,1.6618
2016-10-18,1.6653
2016-10-17,1.6403
2016-10-14,1.6498
2016-10-13,1.6338
2016-10-12,1.6608
2016-10-11,1.6532
2016-10-10,1.6775
2016-10-07,1.6712
2016-10-06,1.6835
2016-10-05,1.7058
2016-10-04,1.7075
2016-10-03,1.7113
2016-09-30,1.713
2016-09-29,1.685
2016-09-28,1.6695
2016-09-27,1.6635
2016-09-26,1.6085
2016-09-23,1.6238
2016-09-22,1.6255
2016-09-21,1.6215
2016-09-20,1.5773
2016-09-19,1.5918
2016-09-16,1.571
2016-09-15,1.5673
2016-09-14,1.51
2016-09-13,1.4968
2016-09-12,1.5188
2016-09-09,1.488
2016-09-08,1.566
2016-09-07,1.5548
2016-09-06,1.578
2016-09-02,1.5633
2016-09-01,1.5788
2016-08-31,1.5335
2016-08-30,1.5408
2016-08-29,1.5498
2016-08-26,1.5508
2016-08-25,1.5383
2016-08-24,1.5485
2016-08-23,1.5728
2016-08-22,1.563
2016-08-19,1.5565
2016-08-18,1.5525
2016-08-17,1.5288
2016-08-16,1.565
2016-08-15,1.5745
2016-08-12,1.576
2016-08-11,1.4925
2016-08-10,1.4628
2016-08-09,1.4723
2016-08-08,1.4685
2016-08-05,1.455
2016-08-04,1.4308
2016-08-03,1.4047
2016-08-02,1.401
2016-08-01,1.4183
2016-07-29,1.4275
2016-07-28,1.4045
2016-07-27,1.4015
2016-07-26,1.4158
2016-07-25,1.392
2016-07-22,1.3668
2016-07-21,1.3305
2016-07-20,1.3555
2016-07-19,1.338
2016-07-18,1.3243
2016-07-15,1.3175
2016-07-14,1.333
2016-07-13,1.3195
2016-07-12,1.32
2016-07-11,1.3005
2016-07-08,1.2713
2016-07-07,1.2223
2016-07-06,1.1912
2016-07-05,1.1838
2016-07-01,1.1665
2016-06-30,1.1752
2016-06-29,1.1663
2016-06-28,1.1475
2016-06-27,1.131
2016-06-24,1.1432
2016-06-23,1.2123
2016-06-22,1.1808
2016-06-21,1.1818
2016-06-20,1.189
2016-06-17,1.168
2016-06-16,1.1888
2016-06-15,1.184
2016-06-14,1.172
2016-06-13,1.1698
2016-06-10,1.155
2016-06-09,1.1845
2016-06-08,1.1545
2016-06-07,1.1583
2016-06-06,1.156
2016-06-03,1.162
2016-06-02,1.1785
2016-06-01,1.1703
2016-05-31,1.168
2016-05-27,1.1475
2016-05-26,1.1413
2016-05-25,1.1293
2016-05-24,1.134
2016-05-23,1.11
2016-05-20,1.1083
2016-05-19,1.0887
2016-05-18,1.084
2016-05-17,1.057
2016-05-16,1.0548
2016-05-13,1.0245
2016-05-12,0.8893
2016-05-11,0.9015
2016-05-10,0.899
2016-05-09,0.882
2016-05-06,0.8832
2016-05-05,0.8742
2016-05-04,0.869
2016-05-03,0.8893
2016-05-02,0.9
2016-04-29,0.8883
2016-04-28,0.905
2016-04-27,0.9328
2016-04-26,0.912
2016-04-25,0.9113
2016-04-22,0.9068
2016-04-21,0.9103
2016-04-20,0.9113
2016-04-19,0.9078
2016-04-18,0.9243
2016-04-15,0.9283
2016-04-14,0.921
2016-04-13,0.9185
2016-04-12,0.896
2016-04-11,0.897
2016-04-08,0.8915
2016-04-07,0.8858
2016-04-06,0.895
2016-04-05,0.8938
2016-04-04,0.895
2016-04-01,0.9038
2016-03-31,0.8908
2016-03-30,0.894
2016-03-29,0.8848
2016-03-28,0.8708
2016-03-24,0.862
2016-03-23,0.8608
2016-03-22,0.8463
2016-03-21,0.8478
2016-03-18,0.8453
2016-03-17,0.8205
2016-03-16,0.8275
2016-03-15,0.8035
2016-03-14,0.8075
2016-03-11,0.8055
2016-03-10,0.792
2016-03-09,0.7933
2016-03-08,0.7938
2016-03-07,0.8085
2016-03-04,0.8137
2016-03-03,0.8163
2016-03-02,0.8235
2016-03-01,0.8188
2016-02-29,0.784
2016-02-26,0.792
2016-02-25,0.7973
2016-02-24,0.7955
2016-02-23,0.79
2016-02-22,0.788
2016-02-19,0.761
2016-02-18,0.751
2016-02-17,0.6915
2016-02-16,0.6747
2016-02-12,0.6433
2016-02-11,0.6325
2016-02-10,0.6358
2016-02-09,0.6372
2016-02-08,0.6305
2016-02-05,0.6608
2016-02-04,0.7053
2016-02-03,0.705
2016-02-02,0.7015
2016-02-01,0.7325
2016-01-29,0.7323
2016-01-28,0.7013
2016-01-27,0.709
2016-01-26,0.7175
2016-01-25,0.7105
2016-01-22,0.7113
2016-01-21,0.695
2016-01-20,0.687
2016-01-19,0.6833
2016-01-15,0.6778
2016-01-14,0.7168
2016-01-13,0.7315
2016-01-12,0.7545
2016-01-11,0.742
2016-01-08,0.7408
2016-01-07,0.757
2016-01-06,0.7883
2016-01-05,0.8223
2016-01-04,0.8093
2015-12-31,0.824
2015-12-30,0.8348
2015-12-29,0.842
2015-12-28,0.8285
2015-12-24,0.8293
2015-12-23,0.8264
2015-12-22,0.8233
2015-12-21,0.8224
2015-12-18,0.8035
2015-12-17,0.8168
2015-12-16,0.8293
2015-12-15,0.8243
2015-12-14,0.8143
2015-12-11,0.8123
2015-12-10,0.8245
2015-12-09,0.8178
2015-12-08,0.839
2015-12-07,0.8277
2015-12-04,0.8438
2015-12-03,0.8108
2015-12-02,0.8125
2015-12-01,0.8188
2015-11-30,0.793
2015-11-27,0.7848
2015-11-25,0.7783
2015-11-24,0.7793
2015-11-23,0.773
2015-11-20,0.7848
2015-11-19,0.778
2015-11-18,0.7758
2015-11-17,0.76
2015-11-16,0.76
2015-11-13,0.745
2015-11-12,0.76
2015-11-11,0.7628
2015-11-10,0.7702
2015-11-09,0.7853
2015-11-06,0.7888
2015-11-05,0.6928
2015-11-04,0.7008
2015-11-03,0.7125
2015-11-02,0.7175
2015-10-30,0.7093
2015-10-29,0.692
2015-10-28,0.7168
2015-10-27,0.711
2015-10-26,0.7115
2015-10-23,0.7148
2015-10-22,0.71
2015-10-21,0.6853
2015-10-20,0.6943
2015-10-19,0.6953
2015-10-16,0.6965
2015-10-15,0.6858
2015-10-14,0.684
2015-10-13,0.66
2015-10-12,0.6588
2015-10-09,0.6518
2015-10-08,0.6543
2015-10-07,0.6505
2015-10-06,0.6438
2015-10-05,0.6355
2015-10-02,0.62
2015-10-01,0.6043
2015-09-30,0.6162
2015-09-29,0.5928
2015-09-28,0.5825
2015-09-25,0.5903
2015-09-24,0.586
2015-09-23,0.575
2015-09-22,0.5723
2015-09-21,0.5883
2015-09-18,0.5823
2015-09-17,0.5827
2015-09-16,0.5775
2015-09-15,0.5735
2015-09-14,0.5673
2015-09-11,0.5663
2015-09-10,0.5645
2015-09-09,0.5558
2015-09-08,0.567
2015-09-04,0.5438
2015-09-03,0.5567
2015-09-02,0.5553
2015-09-01,0.539
2015-08-31,0.562
2015-08-28,0.5683
2015-08-27,0.5657
2015-08-26,0.5453
2015-08-25,0.507
2015-08-24,0.5178
2015-08-21,0.5367
2015-08-20,0.554
2015-08-19,0.5747
2015-08-18,0.577
2015-08-17,0.5847
2015-08-14,0.5885
2015-08-13,0.588
2015-08-12,0.593
2015-08-11,0.5915
2015-08-10,0.5945
2015-08-07,0.5745
2015-08-06,0.5112
2015-08-05,0.5145
2015-08-04,0.5093
2015-08-03,0.5072
2015-07-31,0.4988
2015-07-30,0.5005
2015-07-29,0.4992
2015-07-28,0.4933
2015-07-27,0.4828
2015-07-24,0.4855
2015-07-23,0.4912
2015-07-22,0.4851
2015-07-21,0.4948
2015-07-20,0.4925
2015-07-17,0.5018
2015-07-16,0.5048
2015-07-15,0.4938
2015-07-14,0.4973
2015-07-13,0.497
2015-07-10,0.4938
2015-07-09,0.4853
2015-07-08,0.4912
2015-07-07,0.4948
2015-07-06,0.5043
2015-07-02,0.5105
2015-07-01,0.51
2015-06-30,0.5028
2015-06-29,0.503
2015-06-26,0.5185
2015-06-25,0.5293
2015-06-24,0.5253
2015-06-23,0.5305
2015-06-22,0.5444
2015-06-19,0.5468
2015-06-18,0.5485
2015-06-17,0.5395
2015-06-16,0.5333
2015-06-15,0.5268
2015-06-12,0.5278
2015-06-11,0.5425
2015-06-10,0.5367
2015-06-09,0.5465
2015-06-08,0.5438
2015-06-05,0.5565
2015-06-04,0.5523
2015-06-03,0.5425
2015-06-02,0.5484
2015-06-01,0.5595
2015-05-29,0.5533
2015-05-28,0.5535
2015-05-27,0.546
2015-05-26,0.5182
2015-05-22,0.5215
2015-05-21,0.5222
2015-05-20,0.526
2015-05-19,0.526
2015-05-18,0.5318
2015-05-15,0.5325
2015-05-14,0.5323
2015-05-13,0.5238
2015-05-12,0.5207
2015-05-11,0.5158
2015-05-08,0.5206
2015-05-07,0.5623
2015-05-06,0.5525
2015-05-05,0.5508
2015-05-04,0.5653
2015-05-01,0.5687
2015-04-30,0.5549
2015-04-29,0.5535
2015-04-28,0.5576
2015-04-27,0.555
2015-04-24,0.5508
2015-04-23,0.5555
2015-04-22,0.5577
2015-04-21,0.5514
2015-04-20,0.5523
2015-04-17,0.555
2015-04-16,0.5623
2015-04-15,0.5657
2015-04-14,0.559
2015-04-13,0.5638
2015-04-10,0.569
2015-04-09,0.5631
2015-04-08,0.5505
2015-04-07,0.5465
2015-04-06,0.5416
2015-04-02,0.5265
2015-04-01,0.5253
2015-03-31,0.5231
2015-03-30,0.5367
2015-03-27,0.5345
2015-03-26,0.5241
2015-03-25,0.526
2015-03-24,0.56
2015-03-23,0.5678
2015-03-20,0.5867
2015-03-19,0.5804
2015-03-18,0.5718
2015-03-17,0.5813
2015-03-16,0.5743
2015-03-13,0.5675
2015-03-12,0.5668
2015-03-11,0.572
2015-03-10,0.5749
2015-03-09,0.5653
2015-03-06,0.5638
2015-03-05,0.5715
2015-03-04,0.5607
2015-03-03,0.5545
2015-03-02,0.5649
2015-02-27,0.5515
2015-02-26,0.555
2015-02-25,0.5535
2015-02-24,0.5577
2015-02-23,0.554
2015-02-20,0.5584
2015-02-19,0.5544
2015-02-18,0.553
2015-02-17,0.5594
2015-02-13,0.5577
2015-02-12,0.5575
2015-02-11,0.5202
2015-02-10,0.5238
2015-02-09,0.5095
2015-02-06,0.51
2015-02-05,0.5121
2015-02-04,0.504
2015-02-03,0.5028
2015-02-02,0.4905
2015-01-30,0.4801
2015-01-29,0.4945
2015-01-28,0.4828
2015-01-27,0.4908
2015-01-26,0.5154
2015-01-23,0.5178
2015-01-22,0.5162
2015-01-21,0.5075
2015-01-20,0.5005
2015-01-16,0.499
2015-01-15,0.49
2015-01-14,0.4935
2015-01-13,0.4914
2015-01-12,0.4923
2015-01-09,0.4985
2015-01-08,0.4965
2015-01-07,0.4784
2015-01-06,0.4798
2015-01-05,0.4948
2015-01-02,0.5032
2014-12-31,0.5013
2014-12-30,0.5093
2014-12-29,0.514
2014-12-26,0.5148
2014-12-24,0.5142
2014-12-23,0.5162
2014-12-22,0.5195
2014-12-19,0.5105
2014-12-18,0.5055
2014-12-17,0.5035
2014-12-16,0.4836
2014-12-15,0.4893
2014-12-12,0.4908
2014-12-11,0.5065
2014-12-10,0.5068
2014-12-09,0.5182
2014-12-08,0.52
2014-12-05,0.5268
2014-12-04,0.5238
2014-12-03,0.5285
2014-12-02,0.5152
2014-12-01,0.5145
2014-11-28,0.5242
2014-11-26,0.5229
2014-11-25,0.5142
2014-11-24,0.5145
2014-11-21,0.5114
2014-11-20,0.5085
2014-11-19,0.5003
2014-11-18,0.5043
2014-11-17,0.4924
2014-11-14,0.4946
2014-11-13,0.4888
2014-11-12,0.4911
2014-11-11,0.4945
2014-11-10,0.5005
2014-11-07,0.4948
2014-11-06,0.5055
2014-11-05,0.5032
2014-11-04,0.5032
2014-11-03,0.4968
2014-10-31,0.4885
2014-10-30,0.4673
2014-10-29,0.4701
2014-10-28,0.4733
2014-10-27,0.4622
2014-10-24,0.462
2014-10-23,0.4571
2014-10-22,0.4473
2014-10-21,0.458
2014-10-20,0.4393
2014-10-17,0.4355
2014-10-16,0.4363
2014-10-15,0.436
2014-10-14,0.4294
2014-10-13,0.4196
2014-10-10,0.4211
2014-10-09,0.4478
2014-10-08,0.4565
2014-10-07,0.4481
2014-10-06,0.453
2014-10-03,0.4558
2014-10-02,0.4548
2014-10-01,0.4567
2014-09-30,0.4612
2014-09-29,0.4629
2014-09-26,0.4636
2014-09-25,0.4628
2014-09-24,0.473
2014-09-23,0.4703
2014-09-22,0.4723
2014-09-19,0.477
2014-09-18,0.486
2014-09-17,0.4788
2014-09-16,0.4784
2014-09-15,0.4715
2014-09-12,0.478
2014-09-11,0.4853
2014-09-10,0.4903
2014-09-09,0.4885
2014-09-08,0.4948
2014-09-05,0.4992
2014-09-04,0.5008
2014-09-03,0.4921
2014-09-02,0.4874
2014-08-29,0.4863
2014-08-28,0.4848
2014-08-27,0.4808
2014-08-26,0.4864
2014-08-25,0.4778
2014-08-22,0.477
2014-08-21,0.4768
2014-08-20,0.4813
2014-08-19,0.4843
2014-08-18,0.4825
2014-08-15,0.476
2014-08-14,0.47
2014-08-13,0.4753
2014-08-12,0.4725
2014-08-11,0.4725
2014-08-08,0.475
2014-08-07,0.4365
